{
  "timestamp": 1781671519.6503239,
  "total_time_s": 75110.45728302002,
  "test_nll": -3.296452522277832,
  "best_val_loss": -4.487082481384277,
  "epochs_trained": 9
}
