{
  "fixation_duration": {
    "ks_stat": 0.32559638942617664,
    "p_value": 6.590261866946617e-11,
    "n_real": 141,
    "n_fake": 517,
    "real_mean": 226.7872340425532,
    "fake_mean": 254.7640232108317,
    "real_std": 143.5657759900036,
    "fake_std": 78.08995471092177
  },
  "saccade_amplitude": {
    "ks_stat": 0.9657258064516129,
    "p_value": 3.886853965545298e-70,
    "n_real": 66,
    "n_fake": 496,
    "real_mean_deg": 5.239371846193896,
    "fake_mean_deg": 0.34983532046644045
  },
  "main_sequence": {
    "real_r": 0.6686297502748453,
    "fake_r": 0.5690669980082179,
    "pass": false
  },
  "intersaccadic_interval": {
    "real_mean": 226.7872340425532,
    "fake_mean": 254.7640232108317,
    "real_var": 20611.132035611892,
    "fake_var": 6098.041026753813,
    "mean_err": 27.976789168278515
  },
  "fixation_density_map": {
    "kl_divergence": 10.815921728894452,
    "real_n_fixations": 141,
    "fake_n_fixations": 517
  },
  "saccade_direction": {
    "kl_divergence": 0.0840052391071545,
    "ks_stat": 1.0,
    "p_value": 0.00015540015540015537,
    "n_real": 8,
    "n_fake": 8
  },
  "classifier_auc": {
    "auc": NaN,
    "pass": false,
    "note": "too few valid rows after NaN removal"
  },
  "n_real_seqs": 8,
  "n_fake_seqs": 8,
  "stimulus": "voicemail-neg.difficulty",
  "time_s": 4.3166117668151855
}
