{
  "fixation_duration": {
    "ks_stat": 0.29176605285755175,
    "p_value": 3.2872602197248305e-12,
    "n_real": 223,
    "n_fake": 517,
    "real_mean": 251.8609865470852,
    "fake_mean": 254.7640232108317,
    "real_std": 181.13816408178346,
    "fake_std": 78.08995471092177
  },
  "saccade_amplitude": {
    "ks_stat": 0.9657258064516129,
    "p_value": 6.3109794163061766e-111,
    "n_real": 122,
    "n_fake": 496,
    "real_mean_deg": 4.799955620111658,
    "fake_mean_deg": 0.3500825952563428
  },
  "main_sequence": {
    "real_r": 0.6819987831891667,
    "fake_r": 0.6386917325939194,
    "pass": false
  },
  "intersaccadic_interval": {
    "real_mean": 251.8609865470852,
    "fake_mean": 254.7640232108317,
    "real_var": 32811.0344869191,
    "fake_var": 6098.041026753813,
    "mean_err": 2.9030366637465193
  },
  "fixation_density_map": {
    "kl_divergence": 10.166355075257869,
    "real_n_fixations": 223,
    "fake_n_fixations": 517
  },
  "saccade_direction": {
    "kl_divergence": 0.029988246827195725,
    "ks_stat": 1.0,
    "p_value": 0.00015540015540015537,
    "n_real": 8,
    "n_fake": 8
  },
  "classifier_auc": {
    "auc": NaN,
    "pass": false,
    "note": "too few valid rows after NaN removal"
  },
  "n_real_seqs": 8,
  "n_fake_seqs": 8,
  "stimulus": "voicemail-neg.naturalness",
  "time_s": 4.463738679885864
}
