{
  "fixation_duration": {
    "ks_stat": 0.3930842867914631,
    "p_value": 6.574723172733959e-23,
    "n_real": 236,
    "n_fake": 517,
    "real_mean": 200.42796610169492,
    "fake_mean": 254.7640232108317,
    "real_std": 109.99737622879552,
    "fake_std": 78.08995471092177
  },
  "saccade_amplitude": {
    "ks_stat": 0.9657258064516129,
    "p_value": 1.4225122786525628e-121,
    "n_real": 139,
    "n_fake": 496,
    "real_mean_deg": 4.99096208462985,
    "fake_mean_deg": 0.34937725202833153
  },
  "main_sequence": {
    "real_r": 0.6957438163861928,
    "fake_r": 0.18894194722507876,
    "pass": false
  },
  "intersaccadic_interval": {
    "real_mean": 200.42796610169492,
    "fake_mean": 254.7640232108317,
    "real_var": 12099.42277721919,
    "fake_var": 6098.041026753813,
    "mean_err": 54.33605710913679
  },
  "fixation_density_map": {
    "kl_divergence": 10.820951725988191,
    "real_n_fixations": 236,
    "fake_n_fixations": 517
  },
  "saccade_direction": {
    "kl_divergence": 0.2957297652327257,
    "ks_stat": 1.0,
    "p_value": 0.00015540015540015537,
    "n_real": 8,
    "n_fake": 8
  },
  "classifier_auc": {
    "auc": NaN,
    "pass": false,
    "note": "too few valid rows after NaN removal"
  },
  "n_real_seqs": 8,
  "n_fake_seqs": 8,
  "stimulus": "voicemail-neg.question",
  "time_s": 4.379048109054565
}
