{
  "fixation_duration": {
    "ks_stat": 0.413350451462502,
    "p_value": 4.2523936246748e-55,
    "n_real": 1145,
    "n_fake": 517,
    "real_mean": 191.56593886462883,
    "fake_mean": 254.7640232108317,
    "real_std": 84.88511255390335,
    "fake_std": 78.08995471092177
  },
  "saccade_amplitude": {
    "ks_stat": 0.9657258064516129,
    "p_value": 6.712382319663514e-288,
    "n_real": 604,
    "n_fake": 496,
    "real_mean_deg": 6.126667112620942,
    "fake_mean_deg": 0.3502268592967945
  },
  "main_sequence": {
    "real_r": 0.468112348308013,
    "fake_r": 0.28869297825896356,
    "pass": false
  },
  "intersaccadic_interval": {
    "real_mean": 191.56593886462883,
    "fake_mean": 254.7640232108317,
    "real_var": 7205.48233328884,
    "fake_var": 6098.041026753813,
    "mean_err": 63.198084346202876
  },
  "fixation_density_map": {
    "kl_divergence": 9.731229632754586,
    "real_n_fixations": 1145,
    "fake_n_fixations": 517
  },
  "saccade_direction": {
    "kl_divergence": 0.45205701642517776,
    "ks_stat": 0.625,
    "p_value": 0.08702408702408701,
    "n_real": 8,
    "n_fake": 8
  },
  "classifier_auc": {
    "auc": NaN,
    "pass": false,
    "note": "too few valid rows after NaN removal"
  },
  "n_real_seqs": 24,
  "n_fake_seqs": 8,
  "stimulus": "voicemail-zero.text.3",
  "time_s": 5.2263593673706055
}
