{
  "fixation_duration": {
    "ks_stat": 0.299282344221696,
    "p_value": 1.5719626288537715e-07,
    "n_real": 107,
    "n_fake": 517,
    "real_mean": 243.74766355140187,
    "fake_mean": 254.7640232108317,
    "real_std": 147.42215392031017,
    "fake_std": 78.08995471092177
  },
  "saccade_amplitude": {
    "ks_stat": 0.9657258064516129,
    "p_value": 9.654136901555159e-61,
    "n_real": 55,
    "n_fake": 496,
    "real_mean_deg": 4.593181900182188,
    "fake_mean_deg": 0.34938138518125467
  },
  "main_sequence": {
    "real_r": 0.7451047452444353,
    "fake_r": 0.5184989937428045,
    "pass": false
  },
  "intersaccadic_interval": {
    "real_mean": 243.74766355140187,
    "fake_mean": 254.7640232108317,
    "real_var": 21733.291466503626,
    "fake_var": 6098.041026753813,
    "mean_err": 11.016359659429838
  },
  "fixation_density_map": {
    "kl_divergence": 12.465387141470208,
    "real_n_fixations": 107,
    "fake_n_fixations": 517
  },
  "saccade_direction": {
    "kl_divergence": 0.05656778358021645,
    "ks_stat": 1.0,
    "p_value": 0.00015540015540015537,
    "n_real": 8,
    "n_fake": 8
  },
  "classifier_auc": {
    "auc": NaN,
    "pass": false,
    "note": "too few valid rows after NaN removal"
  },
  "n_real_seqs": 8,
  "n_fake_seqs": 8,
  "stimulus": "voicemail-zero.interest",
  "time_s": 4.293201684951782
}
