{
  "fixation_duration": {
    "ks_stat": 0.4044295746423406,
    "p_value": 5.981840990663352e-14,
    "n_real": 111,
    "n_fake": 517,
    "real_mean": 206.95495495495496,
    "fake_mean": 254.7640232108317,
    "real_std": 118.97318854500598,
    "fake_std": 78.08995471092177
  },
  "saccade_amplitude": {
    "ks_stat": 0.9657258064516129,
    "p_value": 7.388114523008604e-60,
    "n_real": 54,
    "n_fake": 496,
    "real_mean_deg": 4.8573107799453075,
    "fake_mean_deg": 0.3491896482363607
  },
  "main_sequence": {
    "real_r": 0.7392202672801557,
    "fake_r": 0.712600672168241,
    "pass": false
  },
  "intersaccadic_interval": {
    "real_mean": 206.95495495495496,
    "fake_mean": 254.7640232108317,
    "real_var": 14154.619592565541,
    "fake_var": 6098.041026753813,
    "mean_err": 47.80906825587675
  },
  "fixation_density_map": {
    "kl_divergence": 10.304739507912801,
    "real_n_fixations": 111,
    "fake_n_fixations": 517
  },
  "saccade_direction": {
    "kl_divergence": 0.06877977662796161,
    "ks_stat": 1.0,
    "p_value": 0.00015540015540015537,
    "n_real": 8,
    "n_fake": 8
  },
  "classifier_auc": {
    "auc": NaN,
    "pass": false,
    "note": "too few valid rows after NaN removal"
  },
  "n_real_seqs": 8,
  "n_fake_seqs": 8,
  "stimulus": "voicemail-pos.difficulty",
  "time_s": 4.273564100265503
}
