{
  "fixation_duration": {
    "ks_stat": 0.458184395986041,
    "p_value": 3.7483077463876505e-80,
    "n_real": 2191,
    "n_fake": 517,
    "real_mean": 185.44545869465998,
    "fake_mean": 254.7640232108317,
    "real_std": 98.7086757176976,
    "fake_std": 78.08995471092177
  },
  "saccade_amplitude": {
    "ks_stat": 0.9657258064516129,
    "p_value": 9e-323,
    "n_real": 1193,
    "n_fake": 496,
    "real_mean_deg": 5.773313656020668,
    "fake_mean_deg": 0.3495444354675837
  },
  "main_sequence": {
    "real_r": 0.48685245143046263,
    "fake_r": 0.6737198657378585,
    "pass": false
  },
  "intersaccadic_interval": {
    "real_mean": 185.44545869465998,
    "fake_mean": 254.7640232108317,
    "real_var": 9743.402661941585,
    "fake_var": 6098.041026753813,
    "mean_err": 69.31856451617173
  },
  "fixation_density_map": {
    "kl_divergence": 10.56974161501178,
    "real_n_fixations": 2191,
    "fake_n_fixations": 517
  },
  "saccade_direction": {
    "kl_divergence": 0.564917024356142,
    "ks_stat": 0.5,
    "p_value": 0.2826728826728826,
    "n_real": 8,
    "n_fake": 8
  },
  "classifier_auc": {
    "auc": NaN,
    "pass": false,
    "note": "too few valid rows after NaN removal"
  },
  "n_real_seqs": 24,
  "n_fake_seqs": 8,
  "stimulus": "voicemail-zero.text.1",
  "time_s": 6.105432987213135
}
