{
  "fixation_duration": {
    "ks_stat": 0.36901470108683515,
    "p_value": 7.25996401902193e-49,
    "n_real": 1732,
    "n_fake": 517,
    "real_mean": 197.00866050808315,
    "fake_mean": 254.7640232108317,
    "real_std": 84.86229461543829,
    "fake_std": 78.08995471092177
  },
  "saccade_amplitude": {
    "ks_stat": 0.9657258064516129,
    "p_value": 9e-323,
    "n_real": 1018,
    "n_fake": 496,
    "real_mean_deg": 5.520330614938981,
    "fake_mean_deg": 0.3490765891557381
  },
  "main_sequence": {
    "real_r": 0.6358608629941647,
    "fake_r": 0.6643896630642193,
    "pass": false
  },
  "intersaccadic_interval": {
    "real_mean": 197.00866050808315,
    "fake_mean": 254.7640232108317,
    "real_var": 7201.609047397446,
    "fake_var": 6098.041026753813,
    "mean_err": 57.755362702748556
  },
  "fixation_density_map": {
    "kl_divergence": 9.681966262327137,
    "real_n_fixations": 1732,
    "fake_n_fixations": 517
  },
  "saccade_direction": {
    "kl_divergence": 0.6483525714805847,
    "ks_stat": 0.625,
    "p_value": 0.08702408702408701,
    "n_real": 8,
    "n_fake": 8
  },
  "classifier_auc": {
    "auc": NaN,
    "pass": false,
    "note": "too few valid rows after NaN removal"
  },
  "n_real_seqs": 22,
  "n_fake_seqs": 8,
  "stimulus": "voicemail-pos.text.1",
  "time_s": 5.747641324996948
}
