{
  "fixation_duration": {
    "ks_stat": 0.4404395761177216,
    "p_value": 3.4738878496879216e-76,
    "n_real": 2603,
    "n_fake": 517,
    "real_mean": 184.44448713023434,
    "fake_mean": 254.7640232108317,
    "real_std": 79.4919198419897,
    "fake_std": 78.08995471092177
  },
  "saccade_amplitude": {
    "ks_stat": 0.9657258064516129,
    "p_value": 9e-323,
    "n_real": 1299,
    "n_fake": 496,
    "real_mean_deg": 5.6269443878434675,
    "fake_mean_deg": 0.34936916196180723
  },
  "main_sequence": {
    "real_r": 0.47319802396919863,
    "fake_r": 0.5902999679743541,
    "pass": false
  },
  "intersaccadic_interval": {
    "real_mean": 184.44448713023434,
    "fake_mean": 254.7640232108317,
    "real_var": 6318.965320165316,
    "fake_var": 6098.041026753813,
    "mean_err": 70.31953608059737
  },
  "fixation_density_map": {
    "kl_divergence": 9.736371502287467,
    "real_n_fixations": 2603,
    "fake_n_fixations": 517
  },
  "saccade_direction": {
    "kl_divergence": 0.5019171751481304,
    "ks_stat": 0.5,
    "p_value": 0.2826728826728826,
    "n_real": 8,
    "n_fake": 8
  },
  "classifier_auc": {
    "auc": NaN,
    "pass": false,
    "note": "too few valid rows after NaN removal"
  },
  "n_real_seqs": 24,
  "n_fake_seqs": 8,
  "stimulus": "voicemail-zero.text.0",
  "time_s": 6.416047096252441
}
