{
  "fixation_duration": {
    "ks_stat": 0.36620733568004615,
    "p_value": 3.3310675523500754e-24,
    "n_real": 322,
    "n_fake": 517,
    "real_mean": 207.2950310559006,
    "fake_mean": 254.7640232108317,
    "real_std": 109.42783112059199,
    "fake_std": 78.08995471092177
  },
  "saccade_amplitude": {
    "ks_stat": 0.9657258064516129,
    "p_value": 5.481366555885475e-147,
    "n_real": 184,
    "n_fake": 496,
    "real_mean_deg": 4.5028963519065055,
    "fake_mean_deg": 0.35022648469196516
  },
  "main_sequence": {
    "real_r": 0.7413635173697561,
    "fake_r": 0.4985256523898212,
    "pass": false
  },
  "intersaccadic_interval": {
    "real_mean": 207.2950310559006,
    "fake_mean": 254.7640232108317,
    "real_var": 11974.450223756801,
    "fake_var": 6098.041026753813,
    "mean_err": 47.4689921549311
  },
  "fixation_density_map": {
    "kl_divergence": 9.483665893110608,
    "real_n_fixations": 322,
    "fake_n_fixations": 517
  },
  "saccade_direction": {
    "kl_divergence": 0.2562952296909229,
    "ks_stat": 0.875,
    "p_value": 0.002486402486402486,
    "n_real": 8,
    "n_fake": 8
  },
  "classifier_auc": {
    "auc": NaN,
    "pass": false,
    "note": "too few valid rows after NaN removal"
  },
  "n_real_seqs": 8,
  "n_fake_seqs": 8,
  "stimulus": "voicemail-zero.question",
  "time_s": 4.493674993515015
}
