{
  "fixation_duration": {
    "ks_stat": 0.23627079303675047,
    "p_value": 1.9920655851391146e-05,
    "n_real": 125,
    "n_fake": 517,
    "real_mean": 234.848,
    "fake_mean": 254.7640232108317,
    "real_std": 113.1550480358698,
    "fake_std": 78.08995471092177
  },
  "saccade_amplitude": {
    "ks_stat": 0.9657258064516129,
    "p_value": 6.142555579703275e-66,
    "n_real": 61,
    "n_fake": 496,
    "real_mean_deg": 4.611564679335882,
    "fake_mean_deg": 0.3493024438550684
  },
  "main_sequence": {
    "real_r": 0.8669327471085366,
    "fake_r": 0.5648479301350097,
    "pass": false
  },
  "intersaccadic_interval": {
    "real_mean": 234.848,
    "fake_mean": 254.7640232108317,
    "real_var": 12804.064896,
    "fake_var": 6098.041026753813,
    "mean_err": 19.916023210831696
  },
  "fixation_density_map": {
    "kl_divergence": 9.361624269474852,
    "real_n_fixations": 125,
    "fake_n_fixations": 517
  },
  "saccade_direction": {
    "kl_divergence": 0.15358138935689425,
    "ks_stat": 1.0,
    "p_value": 0.00015540015540015537,
    "n_real": 8,
    "n_fake": 8
  },
  "classifier_auc": {
    "auc": NaN,
    "pass": false,
    "note": "too few valid rows after NaN removal"
  },
  "n_real_seqs": 8,
  "n_fake_seqs": 8,
  "stimulus": "voicemail-pos.naturalness",
  "time_s": 4.356390953063965
}
