{
  "fixation_duration": {
    "ks_stat": 0.44306520131725785,
    "p_value": 4.4565122964784754e-72,
    "n_real": 1839,
    "n_fake": 517,
    "real_mean": 183.5073409461664,
    "fake_mean": 254.7640232108317,
    "real_std": 85.73859652224144,
    "fake_std": 78.08995471092177
  },
  "saccade_amplitude": {
    "ks_stat": 0.9657258064516129,
    "p_value": 9e-323,
    "n_real": 871,
    "n_fake": 496,
    "real_mean_deg": 6.523020272820812,
    "fake_mean_deg": 0.34955995207082163
  },
  "main_sequence": {
    "real_r": 0.82957437606426,
    "fake_r": 0.7152533339618814,
    "pass": false
  },
  "intersaccadic_interval": {
    "real_mean": 183.5073409461664,
    "fake_mean": 254.7640232108317,
    "real_var": 7351.106933603713,
    "fake_var": 6098.041026753813,
    "mean_err": 71.2566822646653
  },
  "fixation_density_map": {
    "kl_divergence": 10.123656532297144,
    "real_n_fixations": 1839,
    "fake_n_fixations": 517
  },
  "saccade_direction": {
    "kl_divergence": 0.7294632880151939,
    "ks_stat": 0.625,
    "p_value": 0.08702408702408701,
    "n_real": 8,
    "n_fake": 8
  },
  "classifier_auc": {
    "auc": NaN,
    "pass": false,
    "note": "too few valid rows after NaN removal"
  },
  "n_real_seqs": 24,
  "n_fake_seqs": 8,
  "stimulus": "voicemail-neg.text.2",
  "time_s": 5.7272772789001465
}
