{
  "fixation_duration": {
    "ks_stat": 0.37560937185467846,
    "p_value": 5.390480301088103e-20,
    "n_real": 221,
    "n_fake": 517,
    "real_mean": 200.41176470588235,
    "fake_mean": 254.7640232108317,
    "real_std": 100.46353043549956,
    "fake_std": 78.08995471092177
  },
  "saccade_amplitude": {
    "ks_stat": 0.9657258064516129,
    "p_value": 4.15627636433209e-114,
    "n_real": 127,
    "n_fake": 496,
    "real_mean_deg": 4.15351446509923,
    "fake_mean_deg": 0.3501865980852057
  },
  "main_sequence": {
    "real_r": 0.5915831366942439,
    "fake_r": 0.7074779178822338,
    "pass": false
  },
  "intersaccadic_interval": {
    "real_mean": 200.41176470588235,
    "fake_mean": 254.7640232108317,
    "real_var": 10092.920947564548,
    "fake_var": 6098.041026753813,
    "mean_err": 54.35225850494936
  },
  "fixation_density_map": {
    "kl_divergence": 11.915287970618973,
    "real_n_fixations": 221,
    "fake_n_fixations": 517
  },
  "saccade_direction": {
    "kl_divergence": 0.44667481157258715,
    "ks_stat": 1.0,
    "p_value": 0.00015540015540015537,
    "n_real": 8,
    "n_fake": 8
  },
  "classifier_auc": {
    "auc": NaN,
    "pass": false,
    "note": "too few valid rows after NaN removal"
  },
  "n_real_seqs": 8,
  "n_fake_seqs": 8,
  "stimulus": "voicemail-pos.question",
  "time_s": 4.432131290435791
}
