{
  "fixation_duration": {
    "ks_stat": 0.3785578241770611,
    "p_value": 7.028978680963633e-48,
    "n_real": 1306,
    "n_fake": 517,
    "real_mean": 195.87978560490046,
    "fake_mean": 254.7640232108317,
    "real_std": 84.79065349805866,
    "fake_std": 78.08995471092177
  },
  "saccade_amplitude": {
    "ks_stat": 0.9657258064516129,
    "p_value": 9e-323,
    "n_real": 805,
    "n_fake": 496,
    "real_mean_deg": 5.120967819114385,
    "fake_mean_deg": 0.3498963008214232
  },
  "main_sequence": {
    "real_r": 0.7440624220328431,
    "fake_r": 0.6893344435400449,
    "pass": false
  },
  "intersaccadic_interval": {
    "real_mean": 195.87978560490046,
    "fake_mean": 254.7640232108317,
    "real_var": 7189.454920627847,
    "fake_var": 6098.041026753813,
    "mean_err": 58.88423760593125
  },
  "fixation_density_map": {
    "kl_divergence": 9.846878389723923,
    "real_n_fixations": 1306,
    "fake_n_fixations": 517
  },
  "saccade_direction": {
    "kl_divergence": 0.6403663948823618,
    "ks_stat": 0.625,
    "p_value": 0.08702408702408701,
    "n_real": 8,
    "n_fake": 8
  },
  "classifier_auc": {
    "auc": NaN,
    "pass": false,
    "note": "too few valid rows after NaN removal"
  },
  "n_real_seqs": 22,
  "n_fake_seqs": 8,
  "stimulus": "voicemail-pos.text.3",
  "time_s": 5.323646068572998
}
