{
  "fixation_duration": {
    "ks_stat": 0.4237074827059032,
    "p_value": 3.751504566494399e-61,
    "n_real": 1374,
    "n_fake": 517,
    "real_mean": 186.3471615720524,
    "fake_mean": 254.7640232108317,
    "real_std": 89.42966385513101,
    "fake_std": 78.08995471092177
  },
  "saccade_amplitude": {
    "ks_stat": 0.9657258064516129,
    "p_value": 4.5831279906600585e-291,
    "n_real": 618,
    "n_fake": 496,
    "real_mean_deg": 6.322542162686207,
    "fake_mean_deg": 0.34981612780363397
  },
  "main_sequence": {
    "real_r": 0.7566719277911572,
    "fake_r": 0.7239096263171033,
    "pass": false
  },
  "intersaccadic_interval": {
    "real_mean": 186.3471615720524,
    "fake_mean": 254.7640232108317,
    "real_var": 7997.6647772417255,
    "fake_var": 6098.041026753813,
    "mean_err": 68.4168616387793
  },
  "fixation_density_map": {
    "kl_divergence": 9.141943573050288,
    "real_n_fixations": 1374,
    "fake_n_fixations": 517
  },
  "saccade_direction": {
    "kl_divergence": 0.6681288583538555,
    "ks_stat": 0.625,
    "p_value": 0.08702408702408701,
    "n_real": 8,
    "n_fake": 8
  },
  "classifier_auc": {
    "auc": 1.0,
    "pass": false
  },
  "n_real_seqs": 24,
  "n_fake_seqs": 8,
  "stimulus": "voicemail-neg.text.3",
  "time_s": 5.336900472640991
}
