{
  "fixation_duration": {
    "ks_stat": 0.3383251652407115,
    "p_value": 4.1104163116673533e-13,
    "n_real": 163,
    "n_fake": 517,
    "real_mean": 216.46012269938652,
    "fake_mean": 254.7640232108317,
    "real_std": 111.3779970449811,
    "fake_std": 78.08995471092177
  },
  "saccade_amplitude": {
    "ks_stat": 0.9657258064516129,
    "p_value": 1.2669089417254475e-83,
    "n_real": 83,
    "n_fake": 496,
    "real_mean_deg": 4.4881143523648195,
    "fake_mean_deg": 0.34937211157770903
  },
  "main_sequence": {
    "real_r": 0.6716632478000254,
    "fake_r": 0.5357521982839932,
    "pass": false
  },
  "intersaccadic_interval": {
    "real_mean": 216.46012269938652,
    "fake_mean": 254.7640232108317,
    "real_var": 12405.058225751818,
    "fake_var": 6098.041026753813,
    "mean_err": 38.30390051144519
  },
  "fixation_density_map": {
    "kl_divergence": 12.816983547901724,
    "real_n_fixations": 163,
    "fake_n_fixations": 517
  },
  "saccade_direction": {
    "kl_divergence": 0.042061320176434505,
    "ks_stat": 1.0,
    "p_value": 0.00015540015540015537,
    "n_real": 8,
    "n_fake": 8
  },
  "classifier_auc": {
    "auc": NaN,
    "pass": false,
    "note": "too few valid rows after NaN removal"
  },
  "n_real_seqs": 8,
  "n_fake_seqs": 8,
  "stimulus": "voicemail-zero.naturalness",
  "time_s": 4.336177349090576
}
