{
  "fixation_duration": {
    "ks_stat": 0.3526898633281612,
    "p_value": 4.270554653159571e-09,
    "n_real": 91,
    "n_fake": 517,
    "real_mean": 220.47252747252747,
    "fake_mean": 254.7640232108317,
    "real_std": 121.5453011608068,
    "fake_std": 78.08995471092177
  },
  "saccade_amplitude": {
    "ks_stat": 0.9657258064516129,
    "p_value": 6.094346701400098e-41,
    "n_real": 34,
    "n_fake": 496,
    "real_mean_deg": 4.928665813325244,
    "fake_mean_deg": 0.3492444269212809
  },
  "main_sequence": {
    "real_r": 0.9591624090000127,
    "fake_r": 0.8262350976741287,
    "pass": false
  },
  "intersaccadic_interval": {
    "real_mean": 220.47252747252747,
    "fake_mean": 254.7640232108317,
    "real_var": 14773.260234271222,
    "fake_var": 6098.041026753813,
    "mean_err": 34.291495738304235
  },
  "fixation_density_map": {
    "kl_divergence": 12.336997093928526,
    "real_n_fixations": 91,
    "fake_n_fixations": 517
  },
  "saccade_direction": {
    "kl_divergence": 0.055712447020073004,
    "ks_stat": 1.0,
    "p_value": 0.00015540015540015537,
    "n_real": 8,
    "n_fake": 8
  },
  "classifier_auc": {
    "auc": NaN,
    "pass": false,
    "note": "too few valid rows after NaN removal"
  },
  "n_real_seqs": 8,
  "n_fake_seqs": 8,
  "stimulus": "voicemail-pos.interest",
  "time_s": 4.318506240844727
}
