{
  "fixation_duration": {
    "ks_stat": 0.36524544307589174,
    "p_value": 6.885521054701647e-48,
    "n_real": 1737,
    "n_fake": 517,
    "real_mean": 198.69890616004605,
    "fake_mean": 254.7640232108317,
    "real_std": 92.94881787799942,
    "fake_std": 78.08995471092177
  },
  "saccade_amplitude": {
    "ks_stat": 0.9657258064516129,
    "p_value": 9e-323,
    "n_real": 988,
    "n_fake": 496,
    "real_mean_deg": 5.2270640145112806,
    "fake_mean_deg": 0.34975973974777175
  },
  "main_sequence": {
    "real_r": 0.6587173296446955,
    "fake_r": 0.5386376098324556,
    "pass": false
  },
  "intersaccadic_interval": {
    "real_mean": 198.69890616004605,
    "fake_mean": 254.7640232108317,
    "real_var": 8639.482744917505,
    "fake_var": 6098.041026753813,
    "mean_err": 56.06511705078566
  },
  "fixation_density_map": {
    "kl_divergence": 9.884596982856777,
    "real_n_fixations": 1737,
    "fake_n_fixations": 517
  },
  "saccade_direction": {
    "kl_divergence": 0.7048334726051889,
    "ks_stat": 0.625,
    "p_value": 0.08702408702408701,
    "n_real": 8,
    "n_fake": 8
  },
  "classifier_auc": {
    "auc": 1.0,
    "pass": false
  },
  "n_real_seqs": 22,
  "n_fake_seqs": 8,
  "stimulus": "voicemail-pos.text.2",
  "time_s": 5.758719205856323
}
