{
  "fixation_duration": {
    "ks_stat": 0.2976516557838848,
    "p_value": 1.4547781119644056e-09,
    "n_real": 149,
    "n_fake": 517,
    "real_mean": 255.3020134228188,
    "fake_mean": 254.7640232108317,
    "real_std": 168.63652604168888,
    "fake_std": 78.08995471092177
  },
  "saccade_amplitude": {
    "ks_stat": 0.9657258064516129,
    "p_value": 9.654136901555159e-61,
    "n_real": 55,
    "n_fake": 496,
    "real_mean_deg": 3.7354355126426246,
    "fake_mean_deg": 0.3493417222159504
  },
  "main_sequence": {
    "real_r": 0.7899089385835785,
    "fake_r": 0.7492586717168976,
    "pass": false
  },
  "intersaccadic_interval": {
    "real_mean": 255.3020134228188,
    "fake_mean": 254.7640232108317,
    "real_var": 28438.277915409217,
    "fake_var": 6098.041026753813,
    "mean_err": 0.5379902119870792
  },
  "fixation_density_map": {
    "kl_divergence": 11.615785394060902,
    "real_n_fixations": 149,
    "fake_n_fixations": 517
  },
  "saccade_direction": {
    "kl_divergence": 0.05218580393883482,
    "ks_stat": 1.0,
    "p_value": 0.00015540015540015537,
    "n_real": 8,
    "n_fake": 8
  },
  "classifier_auc": {
    "auc": NaN,
    "pass": false,
    "note": "too few valid rows after NaN removal"
  },
  "n_real_seqs": 8,
  "n_fake_seqs": 8,
  "stimulus": "voicemail-neg.interest",
  "time_s": 4.345030069351196
}
