{
  "fixation_duration": {
    "ks_stat": 0.37311017250226974,
    "p_value": 5.226882957153633e-53,
    "n_real": 2303,
    "n_fake": 517,
    "real_mean": 194.62570560138948,
    "fake_mean": 254.73694390715667,
    "real_std": 83.1242977390527,
    "fake_std": 78.12211123474849
  },
  "saccade_amplitude": {
    "ks_stat": 0.96579476861167,
    "p_value": 9e-323,
    "n_real": 1251,
    "n_fake": 497,
    "real_mean_deg": 5.273917661502694,
    "fake_mean_deg": 0.34842929435936953
  },
  "main_sequence": {
    "real_r": 0.6895466545104064,
    "fake_r": 0.6049857715590993,
    "pass": false
  },
  "intersaccadic_interval": {
    "real_mean": 194.62570560138948,
    "fake_mean": 254.73694390715667,
    "real_var": 6909.648874610681,
    "fake_var": 6103.064263774417,
    "mean_err": 60.11123830576719
  },
  "fixation_density_map": {
    "kl_divergence": 10.616573988631,
    "real_n_fixations": 2303,
    "fake_n_fixations": 517
  },
  "saccade_direction": {
    "kl_divergence": 0.5652589654449198,
    "ks_stat": 0.5,
    "p_value": 0.2826728826728826,
    "n_real": 8,
    "n_fake": 8
  },
  "classifier_auc": {
    "auc": NaN,
    "pass": false,
    "note": "too few valid rows after NaN removal"
  },
  "n_real_seqs": 22,
  "n_fake_seqs": 8,
  "stimulus": "voicemail-pos.text.0",
  "time_s": 6.194561004638672
}
