{
  "fixation_duration": {
    "ks_stat": {
      "mean": 0.3143744554851507,
      "std": 0.06439270542708068,
      "n": 12
    },
    "p_value": {
      "mean": 0.0026521179084697324,
      "std": 0.008325224466310269,
      "n": 12
    },
    "n_real": {
      "mean": 607.6666666666666,
      "std": 42.81225162133953,
      "n": 12
    },
    "n_fake": {
      "mean": 76.16666666666667,
      "std": 8.132581932503902,
      "n": 12
    },
    "real_mean": {
      "mean": 154.82629811659024,
      "std": 5.676010181703658,
      "n": 12
    },
    "fake_mean": {
      "mean": 121.06701981074836,
      "std": 5.478419879159316,
      "n": 12
    },
    "real_std": {
      "mean": 68.61944148328277,
      "std": 5.584147870536984,
      "n": 12
    },
    "fake_std": {
      "mean": 36.5391098834977,
      "std": 8.061746953062643,
      "n": 12
    }
  },
  "saccade_amplitude": {
    "ks_stat": {
      "mean": 0.4898139647574102,
      "std": 0.06553904651800944,
      "n": 12
    },
    "p_value": {
      "mean": 7.896607666826839e-27,
      "std": 2.619007827199636e-26,
      "n": 12
    },
    "n_real": {
      "mean": 396.0,
      "std": 42.34383071948026,
      "n": 12
    },
    "n_fake": {
      "mean": 472.1666666666667,
      "std": 21.34569954086511,
      "n": 12
    },
    "real_mean_deg": {
      "mean": 4.63682869620388,
      "std": 0.5135130988104397,
      "n": 12
    },
    "fake_mean_deg": {
      "mean": 10.178435379370415,
      "std": 0.2713013165436281,
      "n": 12
    }
  },
  "main_sequence": {
    "real_r": {
      "mean": 0.8757130072942196,
      "std": 0.07131448566197085,
      "n": 12
    },
    "fake_r": {
      "mean": 0.8886164661782888,
      "std": 0.011787475599771493,
      "n": 12
    }
  },
  "intersaccadic_interval": {
    "real_mean": {
      "mean": 154.82629811659024,
      "std": 5.676010181703658,
      "n": 12
    },
    "fake_mean": {
      "mean": 121.06701981074836,
      "std": 5.478419879159316,
      "n": 12
    },
    "real_var": {
      "mean": 4739.810456917691,
      "std": 751.048973996103,
      "n": 12
    },
    "fake_var": {
      "mean": 1400.0983150135337,
      "std": 575.2277054786377,
      "n": 12
    },
    "mean_err": {
      "mean": 33.759278305841896,
      "std": 7.201386261699159,
      "n": 12
    }
  },
  "fixation_density_map": {
    "kl_divergence": {
      "mean": 17.38343502649059,
      "std": 0.5805049544082165,
      "n": 12
    },
    "real_n_fixations": {
      "mean": 607.6666666666666,
      "std": 42.81225162133953,
      "n": 12
    },
    "fake_n_fixations": {
      "mean": 76.16666666666667,
      "std": 8.132581932503902,
      "n": 12
    }
  },
  "saccade_direction": {
    "kl_divergence": {
      "mean": 0.5029547466795151,
      "std": 0.21014231232335132,
      "n": 12
    },
    "ks_stat": {
      "mean": 0.4895833333333333,
      "std": 0.061625831073954335,
      "n": 12
    },
    "p_value": {
      "mean": 0.32927997927997915,
      "std": 0.15736751887042863,
      "n": 12
    },
    "n_real": {
      "mean": 8.0,
      "std": 0.0,
      "n": 12
    },
    "n_fake": {
      "mean": 8.0,
      "std": 0.0,
      "n": 12
    }
  },
  "classifier_auc": {
    "auc": {
      "mean": 0.9795641601197156,
      "std": 0.023381283716142513,
      "n": 12
    }
  }
}