{
  "timestamp": 1781536912.070029,
  "total_time_s": 70197.35083508492,
  "test_nll": -1.8310624361038208,
  "best_val_loss": -4.678884983062744,
  "epochs_trained": 12
}
