{
  "fixation_duration": {
    "ks_stat": 0.15936352509179927,
    "p_value": 6.71698091897238e-06,
    "n_real": 860,
    "n_fake": 342,
    "real_mean": 184.53953488372093,
    "fake_mean": 240.00584795321637,
    "real_std": 79.70030824700359,
    "fake_std": 188.0245254960737
  },
  "saccade_amplitude": {
    "ks_stat": 0.24159388537070942,
    "p_value": 4.063287468049178e-14,
    "n_real": 429,
    "n_fake": 699,
    "real_mean_deg": 5.614477213071166,
    "fake_mean_deg": 7.439224333375024
  },
  "main_sequence": {
    "real_r": 0.47350175107460435,
    "fake_r": 0.862056015508766,
    "pass": false
  },
  "intersaccadic_interval": {
    "real_mean": 184.53953488372093,
    "fake_mean": 240.00584795321637,
    "real_var": 6352.139134667388,
    "fake_var": 35353.22218802366,
    "mean_err": 55.46631306949544
  },
  "fixation_density_map": {
    "kl_divergence": 18.104703925115068,
    "real_n_fixations": 860,
    "fake_n_fixations": 342
  },
  "saccade_direction": {
    "kl_divergence": 0.5763931805838799,
    "ks_stat": 0.25,
    "p_value": 0.98010878010878,
    "n_real": 8,
    "n_fake": 8
  },
  "classifier_auc": {
    "auc": 1.0,
    "pass": false
  },
  "n_real_seqs": 8,
  "n_fake_seqs": 8,
  "stimulus": "voicemail-zero.text.0",
  "time_s": 2018.3246252536774
}
