{
  "fixation_duration": {
    "ks_stat": 0.21740612544577304,
    "p_value": 1.0422179317020047e-08,
    "n_real": 681,
    "n_fake": 280,
    "real_mean": 189.14537444933922,
    "fake_mean": 257.5285714285714,
    "real_std": 85.99986859199669,
    "fake_std": 190.31888438907484
  },
  "saccade_amplitude": {
    "ks_stat": 0.2989937215102778,
    "p_value": 7.273464107372703e-14,
    "n_real": 302,
    "n_fake": 385,
    "real_mean_deg": 6.60430667201086,
    "fake_mean_deg": 8.26784467934224
  },
  "main_sequence": {
    "real_r": 0.6957875718036527,
    "fake_r": 0.8709472520355102,
    "pass": false
  },
  "intersaccadic_interval": {
    "real_mean": 189.14537444933922,
    "fake_mean": 257.5285714285714,
    "real_var": 7395.977397840697,
    "fake_var": 36221.27775510203,
    "mean_err": 68.3831969792322
  },
  "fixation_density_map": {
    "kl_divergence": 18.6210551039474,
    "real_n_fixations": 681,
    "fake_n_fixations": 280
  },
  "saccade_direction": {
    "kl_divergence": 0.9489135524046739,
    "ks_stat": 0.25,
    "p_value": 0.98010878010878,
    "n_real": 8,
    "n_fake": 8
  },
  "classifier_auc": {
    "auc": 1.0,
    "pass": false
  },
  "n_real_seqs": 8,
  "n_fake_seqs": 8,
  "stimulus": "voicemail-neg.text.0",
  "time_s": 2084.821535587311
}
