{
  "fixation_duration": {
    "ks_stat": 0.2315349668390783,
    "p_value": 4.137634354548698e-11,
    "n_real": 729,
    "n_fake": 327,
    "real_mean": 195.89437585733882,
    "fake_mean": 281.41284403669727,
    "real_std": 84.13230865318936,
    "fake_std": 208.29997237029335
  },
  "saccade_amplitude": {
    "ks_stat": 0.3194231191050669,
    "p_value": 6.09935049182411e-25,
    "n_real": 388,
    "n_fake": 893,
    "real_mean_deg": 5.3306344611568,
    "fake_mean_deg": 7.052081846025457
  },
  "main_sequence": {
    "real_r": 0.7030245472527417,
    "fake_r": 0.8915996944505455,
    "pass": false
  },
  "intersaccadic_interval": {
    "real_mean": 195.89437585733882,
    "fake_mean": 281.41284403669727,
    "real_var": 7078.2453593155215,
    "fake_var": 43388.87848946497,
    "mean_err": 85.51846817935845
  },
  "fixation_density_map": {
    "kl_divergence": 19.572335346211357,
    "real_n_fixations": 729,
    "fake_n_fixations": 327
  },
  "saccade_direction": {
    "kl_divergence": 0.441590901812405,
    "ks_stat": 0.25,
    "p_value": 0.98010878010878,
    "n_real": 8,
    "n_fake": 8
  },
  "classifier_auc": {
    "auc": 1.0,
    "pass": false
  },
  "n_real_seqs": 7,
  "n_fake_seqs": 8,
  "stimulus": "voicemail-pos.text.0",
  "time_s": 2016.033305644989
}
