{
  "fixation_duration": {
    "ks_stat": 0.23542126616809034,
    "p_value": 3.2229022114145506e-09,
    "n_real": 727,
    "n_fake": 238,
    "real_mean": 185.64786795048144,
    "fake_mean": 267.26050420168065,
    "real_std": 98.72733388955625,
    "fake_std": 209.8644805696948
  },
  "saccade_amplitude": {
    "ks_stat": 0.4335288367546432,
    "p_value": 3.488821727314001e-28,
    "n_real": 396,
    "n_fake": 279,
    "real_mean_deg": 5.749089637152315,
    "fake_mean_deg": 9.147367383715212
  },
  "main_sequence": {
    "real_r": 0.4864797834599879,
    "fake_r": 0.8435736399590554,
    "pass": false
  },
  "intersaccadic_interval": {
    "real_mean": 185.64786795048144,
    "fake_mean": 267.26050420168065,
    "real_var": 9747.086456939922,
    "fake_var": 44043.10020478781,
    "mean_err": 81.6126362511992
  },
  "fixation_density_map": {
    "kl_divergence": 18.089067394783306,
    "real_n_fixations": 727,
    "fake_n_fixations": 238
  },
  "saccade_direction": {
    "kl_divergence": 1.055343689714311,
    "ks_stat": 0.25,
    "p_value": 0.98010878010878,
    "n_real": 8,
    "n_fake": 8
  },
  "classifier_auc": {
    "auc": 1.0,
    "pass": false
  },
  "n_real_seqs": 8,
  "n_fake_seqs": 8,
  "stimulus": "voicemail-zero.text.1",
  "time_s": 2016.9061691761017
}
