{
  "fixation_duration": {
    "ks_stat": 0.21810907362936688,
    "p_value": 2.5039966905104445e-10,
    "n_real": 617,
    "n_fake": 382,
    "real_mean": 161.69854132901133,
    "fake_mean": 143.5392670157068,
    "real_std": 72.54408963620803,
    "fake_std": 75.8093314890983
  },
  "saccade_amplitude": {
    "ks_stat": 0.4530171499998623,
    "p_value": 8.761546406909473e-53,
    "n_real": 417,
    "n_fake": 871,
    "real_mean_deg": 4.477086951653769,
    "fake_mean_deg": 9.640031678891066
  },
  "main_sequence": {
    "real_r": 0.9263302211062234,
    "fake_r": 0.930620094696782,
    "pass": true
  },
  "intersaccadic_interval": {
    "real_mean": 161.69854132901133,
    "fake_mean": 143.5392670157068,
    "real_var": 5262.644941146185,
    "fake_var": 5747.054740823991,
    "mean_err": 18.159274313304536
  },
  "fixation_density_map": {
    "kl_divergence": 12.006315541445325,
    "real_n_fixations": 617,
    "fake_n_fixations": 382
  },
  "saccade_direction": {
    "kl_divergence": 0.28294454598375773,
    "ks_stat": 0.375,
    "p_value": 0.6601398601398599,
    "n_real": 8,
    "n_fake": 8
  },
  "classifier_auc": {
    "auc": 0.9914141414141415,
    "pass": false
  },
  "n_real_seqs": 45,
  "n_fake_seqs": 45,
  "stimulus": "89",
  "time_s": 49.99682021141052
}
