{
  "fixation_duration": {
    "ks_stat": 0.22101452668845825,
    "p_value": 3.307733005189622e-10,
    "n_real": 559,
    "n_fake": 382,
    "real_mean": 157.96779964221824,
    "fake_mean": 141.90575916230367,
    "real_std": 76.60183770096891,
    "fake_std": 75.52934673450414
  },
  "saccade_amplitude": {
    "ks_stat": 0.5410821722297132,
    "p_value": 5.529636494007606e-60,
    "n_real": 297,
    "n_fake": 854,
    "real_mean_deg": 4.998227721165565,
    "fake_mean_deg": 8.826604423471775
  },
  "main_sequence": {
    "real_r": 0.9495883477866275,
    "fake_r": 0.9287333048697128,
    "pass": true
  },
  "intersaccadic_interval": {
    "real_mean": 157.96779964221824,
    "fake_mean": 141.90575916230367,
    "real_var": 5867.841539165582,
    "fake_var": 5704.682218140952,
    "mean_err": 16.06204047991457
  },
  "fixation_density_map": {
    "kl_divergence": 9.556976338246784,
    "real_n_fixations": 559,
    "fake_n_fixations": 382
  },
  "saccade_direction": {
    "kl_divergence": 0.6229988834219784,
    "ks_stat": 0.5,
    "p_value": 0.2826728826728826,
    "n_real": 8,
    "n_fake": 8
  },
  "classifier_auc": {
    "auc": 0.9964646464646464,
    "pass": false
  },
  "n_real_seqs": 45,
  "n_fake_seqs": 45,
  "stimulus": "90",
  "time_s": 49.766164779663086
}
