{
  "fixation_duration": {
    "ks_stat": 0.13544869934019868,
    "p_value": 0.0005477863142011231,
    "n_real": 563,
    "n_fake": 361,
    "real_mean": 142.59325044404974,
    "fake_mean": 137.0415512465374,
    "real_std": 57.92439879496274,
    "fake_std": 65.47453834125778
  },
  "saccade_amplitude": {
    "ks_stat": 0.4400440773175804,
    "p_value": 1.9893257206029753e-49,
    "n_real": 411,
    "n_fake": 881,
    "real_mean_deg": 4.571765759352493,
    "fake_mean_deg": 9.32248757073783
  },
  "main_sequence": {
    "real_r": 0.9039474661734765,
    "fake_r": 0.9137330632351233,
    "pass": true
  },
  "intersaccadic_interval": {
    "real_mean": 142.59325044404974,
    "fake_mean": 137.0415512465374,
    "real_var": 3355.235975757881,
    "fake_var": 4286.915171000836,
    "mean_err": 5.551699197512335
  },
  "fixation_density_map": {
    "kl_divergence": 13.579889446435304,
    "real_n_fixations": 563,
    "fake_n_fixations": 361
  },
  "saccade_direction": {
    "kl_divergence": 0.43307994625182533,
    "ks_stat": 0.375,
    "p_value": 0.6601398601398599,
    "n_real": 8,
    "n_fake": 8
  },
  "classifier_auc": {
    "auc": 1.0,
    "pass": false
  },
  "n_real_seqs": 45,
  "n_fake_seqs": 45,
  "stimulus": "96",
  "time_s": 49.87614703178406
}
