{
  "fixation_duration": {
    "ks_stat": 0.23776047889130625,
    "p_value": 2.4948666172043316e-12,
    "n_real": 607,
    "n_fake": 393,
    "real_mean": 160.6326194398682,
    "fake_mean": 138.87022900763358,
    "real_std": 69.209862479801,
    "fake_std": 66.42530829346144
  },
  "saccade_amplitude": {
    "ks_stat": 0.35455503112387987,
    "p_value": 1.0155375598227484e-32,
    "n_real": 443,
    "n_fake": 825,
    "real_mean_deg": 4.798160530935204,
    "fake_mean_deg": 9.374818873876286
  },
  "main_sequence": {
    "real_r": 0.665856930590426,
    "fake_r": 0.9379138126709505,
    "pass": true
  },
  "intersaccadic_interval": {
    "real_mean": 160.6326194398682,
    "fake_mean": 138.87022900763358,
    "real_var": 4790.005064472966,
    "fake_var": 4412.321581881397,
    "mean_err": 21.76239043223461
  },
  "fixation_density_map": {
    "kl_divergence": 12.043627095259104,
    "real_n_fixations": 607,
    "fake_n_fixations": 393
  },
  "saccade_direction": {
    "kl_divergence": 0.12528352215786787,
    "ks_stat": 0.375,
    "p_value": 0.6601398601398599,
    "n_real": 8,
    "n_fake": 8
  },
  "classifier_auc": {
    "auc": 0.9960493827160494,
    "pass": false
  },
  "n_real_seqs": 45,
  "n_fake_seqs": 45,
  "stimulus": "98",
  "time_s": 50.599085330963135
}
