{
  "fixation_duration": {
    "ks_stat": 0.34967585089141007,
    "p_value": 1.4336264809716079e-08,
    "n_real": 617,
    "n_fake": 84,
    "real_mean": 161.69854132901133,
    "fake_mean": 117.23809523809524,
    "real_std": 72.54408963620803,
    "fake_std": 34.0865910822713
  },
  "saccade_amplitude": {
    "ks_stat": 0.5232067510548524,
    "p_value": 4.884043642452622e-56,
    "n_real": 417,
    "n_fake": 474,
    "real_mean_deg": 4.477086951653769,
    "fake_mean_deg": 10.266449614445843
  },
  "main_sequence": {
    "real_r": 0.9263302211062234,
    "fake_r": 0.8674516245726785,
    "pass": false
  },
  "intersaccadic_interval": {
    "real_mean": 161.69854132901133,
    "fake_mean": 117.23809523809524,
    "real_var": 5262.644941146185,
    "fake_var": 1161.8956916099771,
    "mean_err": 44.46044609091609
  },
  "fixation_density_map": {
    "kl_divergence": 17.710102179172786,
    "real_n_fixations": 617,
    "fake_n_fixations": 84
  },
  "saccade_direction": {
    "kl_divergence": 0.4705031489057764,
    "ks_stat": 0.5,
    "p_value": 0.2826728826728826,
    "n_real": 8,
    "n_fake": 8
  },
  "classifier_auc": {
    "auc": NaN,
    "pass": false,
    "note": "too few valid rows after NaN removal"
  },
  "n_real_seqs": 45,
  "n_fake_seqs": 45,
  "stimulus": "89",
  "time_s": 24.177016019821167
}
