{
  "fixation_duration": {
    "ks_stat": 0.28116787031515716,
    "p_value": 1.9416794887409812e-05,
    "n_real": 559,
    "n_fake": 81,
    "real_mean": 157.96779964221824,
    "fake_mean": 125.4320987654321,
    "real_std": 76.60183770096891,
    "fake_std": 46.389903720530846
  },
  "saccade_amplitude": {
    "ks_stat": 0.5924462011418533,
    "p_value": 1.2030500732048984e-61,
    "n_real": 297,
    "n_fake": 506,
    "real_mean_deg": 4.998227721165565,
    "fake_mean_deg": 10.457651667033
  },
  "main_sequence": {
    "real_r": 0.9495883477866275,
    "fake_r": 0.8973631007622738,
    "pass": false
  },
  "intersaccadic_interval": {
    "real_mean": 157.96779964221824,
    "fake_mean": 125.4320987654321,
    "real_var": 5867.841539165582,
    "fake_var": 2152.023167200122,
    "mean_err": 32.53570087678614
  },
  "fixation_density_map": {
    "kl_divergence": 17.572862593705825,
    "real_n_fixations": 559,
    "fake_n_fixations": 81
  },
  "saccade_direction": {
    "kl_divergence": 0.8288213930694532,
    "ks_stat": 0.375,
    "p_value": 0.6601398601398599,
    "n_real": 8,
    "n_fake": 8
  },
  "classifier_auc": {
    "auc": NaN,
    "pass": false,
    "note": "too few valid rows after NaN removal"
  },
  "n_real_seqs": 45,
  "n_fake_seqs": 45,
  "stimulus": "90",
  "time_s": 17.796693801879883
}
