{
  "fixation_duration": {
    "ks_stat": 0.4064872325741891,
    "p_value": 4.184626078053311e-09,
    "n_real": 690,
    "n_fake": 63,
    "real_mean": 154.50434782608696,
    "fake_mean": 116.44444444444444,
    "real_std": 68.51628904979005,
    "fake_std": 36.64058716595521
  },
  "saccade_amplitude": {
    "ks_stat": 0.4762714899713467,
    "p_value": 4.5543927461581643e-42,
    "n_real": 349,
    "n_fake": 480,
    "real_mean_deg": 4.330944020249154,
    "fake_mean_deg": 10.134647716347901
  },
  "main_sequence": {
    "real_r": 0.9162641593519905,
    "fake_r": 0.8758882711502844,
    "pass": false
  },
  "intersaccadic_interval": {
    "real_mean": 154.50434782608696,
    "fake_mean": 116.44444444444444,
    "real_var": 4694.481865154379,
    "fake_var": 1342.5326278659618,
    "mean_err": 38.05990338164251
  },
  "fixation_density_map": {
    "kl_divergence": 17.372996643853476,
    "real_n_fixations": 690,
    "fake_n_fixations": 63
  },
  "saccade_direction": {
    "kl_divergence": 0.556610322784832,
    "ks_stat": 0.625,
    "p_value": 0.08702408702408701,
    "n_real": 8,
    "n_fake": 8
  },
  "classifier_auc": {
    "auc": NaN,
    "pass": false,
    "note": "too few valid rows after NaN removal"
  },
  "n_real_seqs": 45,
  "n_fake_seqs": 45,
  "stimulus": "91",
  "time_s": 18.14795184135437
}
