{
  "fixation_duration": {
    "ks_stat": 0.38884615384615384,
    "p_value": 2.093774792412362e-09,
    "n_real": 520,
    "n_fake": 75,
    "real_mean": 150.46153846153845,
    "fake_mean": 116.05333333333333,
    "real_std": 62.58706598333531,
    "fake_std": 38.319322656968886
  },
  "saccade_amplitude": {
    "ks_stat": 0.3404953614563277,
    "p_value": 2.008128731613401e-22,
    "n_real": 394,
    "n_fake": 464,
    "real_mean_deg": 5.472894890230602,
    "fake_mean_deg": 9.945483587623968
  },
  "main_sequence": {
    "real_r": 0.8393548496948072,
    "fake_r": 0.8726252084248141,
    "pass": false
  },
  "intersaccadic_interval": {
    "real_mean": 150.46153846153845,
    "fake_mean": 116.05333333333333,
    "real_var": 3917.1408284023673,
    "fake_var": 1468.370488888889,
    "mean_err": 34.408205128205125
  },
  "fixation_density_map": {
    "kl_divergence": 16.375089107721653,
    "real_n_fixations": 520,
    "fake_n_fixations": 75
  },
  "saccade_direction": {
    "kl_divergence": 0.4151182346148431,
    "ks_stat": 0.5,
    "p_value": 0.2826728826728826,
    "n_real": 8,
    "n_fake": 8
  },
  "classifier_auc": {
    "auc": NaN,
    "pass": false,
    "note": "too few valid rows after NaN removal"
  },
  "n_real_seqs": 45,
  "n_fake_seqs": 45,
  "stimulus": "92",
  "time_s": 18.299498081207275
}
