{
  "fixation_duration": {
    "ks_stat": 0.2963496536090337,
    "p_value": 8.179511522511452e-06,
    "n_real": 613,
    "n_fake": 77,
    "real_mean": 157.01141924959217,
    "fake_mean": 120.20779220779221,
    "real_std": 72.38934200103625,
    "fake_std": 33.81782272835867
  },
  "saccade_amplitude": {
    "ks_stat": 0.4921076538723598,
    "p_value": 4.586050258976975e-51,
    "n_real": 444,
    "n_fake": 476,
    "real_mean_deg": 4.755065267912627,
    "fake_mean_deg": 10.572730597387725
  },
  "main_sequence": {
    "real_r": 0.8994260965455512,
    "fake_r": 0.8838892621672333,
    "pass": false
  },
  "intersaccadic_interval": {
    "real_mean": 157.01141924959217,
    "fake_mean": 120.20779220779221,
    "real_var": 5240.216835342991,
    "fake_var": 1143.6451340866922,
    "mean_err": 36.803627041799956
  },
  "fixation_density_map": {
    "kl_divergence": 17.395448079484627,
    "real_n_fixations": 613,
    "fake_n_fixations": 77
  },
  "saccade_direction": {
    "kl_divergence": 0.5556274695938053,
    "ks_stat": 0.5,
    "p_value": 0.2826728826728826,
    "n_real": 8,
    "n_fake": 8
  },
  "classifier_auc": {
    "auc": NaN,
    "pass": false,
    "note": "too few valid rows after NaN removal"
  },
  "n_real_seqs": 45,
  "n_fake_seqs": 45,
  "stimulus": "93",
  "time_s": 18.010759353637695
}
