{
  "timestamp": 1781463455.7244473,
  "total_time_s": 31601.71686220169,
  "test_nll": -3.954303026199341,
  "best_val_loss": -4.184029579162598,
  "epochs_trained": 8
}
