{
  "fixation_duration": {
    "ks_stat": {
      "mean": 0.2016818748624032,
      "std": 0.03412813985643456,
      "n": 12
    },
    "p_value": {
      "mean": 4.63712599074729e-05,
      "std": 0.00015119512737874798,
      "n": 12
    },
    "n_real": {
      "mean": 607.6666666666666,
      "std": 42.81225162133953,
      "n": 12
    },
    "n_fake": {
      "mean": 394.6666666666667,
      "std": 15.00740557932057,
      "n": 12
    },
    "real_mean": {
      "mean": 154.82629811659024,
      "std": 5.676010181703658,
      "n": 12
    },
    "fake_mean": {
      "mean": 138.8536070656472,
      "std": 2.8001207660647935,
      "n": 12
    },
    "real_std": {
      "mean": 68.61944148328277,
      "std": 5.584147870536984,
      "n": 12
    },
    "fake_std": {
      "mean": 70.58955936981621,
      "std": 5.26049802280139,
      "n": 12
    }
  },
  "saccade_amplitude": {
    "ks_stat": {
      "mean": 0.42521710351078096,
      "std": 0.07725115644027375,
      "n": 12
    },
    "p_value": {
      "mean": 7.088272645782075e-20,
      "std": 2.347643864215901e-19,
      "n": 12
    },
    "n_real": {
      "mean": 396.0,
      "std": 42.34383071948026,
      "n": 12
    },
    "n_fake": {
      "mean": 872.5,
      "std": 20.471524939127846,
      "n": 12
    },
    "real_mean_deg": {
      "mean": 4.63682869620388,
      "std": 0.5135130988104397,
      "n": 12
    },
    "fake_mean_deg": {
      "mean": 9.41610423785618,
      "std": 0.30305933716368505,
      "n": 12
    }
  },
  "main_sequence": {
    "real_r": {
      "mean": 0.8757130072942196,
      "std": 0.07131448566197085,
      "n": 12
    },
    "fake_r": {
      "mean": 0.9260931483615655,
      "std": 0.006498574601609977,
      "n": 12
    }
  },
  "intersaccadic_interval": {
    "real_mean": {
      "mean": 154.82629811659024,
      "std": 5.676010181703658,
      "n": 12
    },
    "fake_mean": {
      "mean": 138.8536070656472,
      "std": 2.8001207660647935,
      "n": 12
    },
    "real_var": {
      "mean": 4739.810456917691,
      "std": 751.048973996103,
      "n": 12
    },
    "fake_var": {
      "mean": 5010.558731472707,
      "std": 717.2020144971721,
      "n": 12
    },
    "mean_err": {
      "mean": 15.972691050943062,
      "std": 6.062277258161061,
      "n": 12
    }
  },
  "fixation_density_map": {
    "kl_divergence": {
      "mean": 13.354516653197466,
      "std": 2.075786211613387,
      "n": 12
    },
    "real_n_fixations": {
      "mean": 607.6666666666666,
      "std": 42.81225162133953,
      "n": 12
    },
    "fake_n_fixations": {
      "mean": 394.6666666666667,
      "std": 15.00740557932057,
      "n": 12
    }
  },
  "saccade_direction": {
    "kl_divergence": {
      "mean": 0.31558804761358383,
      "std": 0.12246710614769105,
      "n": 12
    },
    "ks_stat": {
      "mean": 0.4583333333333333,
      "std": 0.07795119555779044,
      "n": 12
    },
    "p_value": {
      "mean": 0.42364672364672346,
      "std": 0.2065997661667942,
      "n": 12
    },
    "n_real": {
      "mean": 8.0,
      "std": 0.0,
      "n": 12
    },
    "n_fake": {
      "mean": 8.0,
      "std": 0.0,
      "n": 12
    }
  },
  "classifier_auc": {
    "auc": {
      "mean": 0.9973578376356155,
      "std": 0.00283305339658107,
      "n": 12
    }
  }
}