{
  "fixation_duration": {
    "ks_stat": {
      "mean": 0.20221048851541784,
      "std": 0.028794505638986067,
      "n": 13
    },
    "p_value": {
      "mean": 2.5380562117975476e-05,
      "std": 6.251960367750847e-05,
      "n": 13
    },
    "n_real": {
      "mean": 599.0,
      "std": 164.18095082982256,
      "n": 13
    },
    "n_fake": {
      "mean": 286.84615384615387,
      "std": 35.04249322409789,
      "n": 13
    },
    "real_mean": {
      "mean": 192.0285314888642,
      "std": 7.122677815888608,
      "n": 13
    },
    "fake_mean": {
      "mean": 255.62973131303778,
      "std": 14.87938707164014,
      "n": 13
    },
    "real_std": {
      "mean": 88.48381091086686,
      "std": 6.975369507702894,
      "n": 13
    },
    "fake_std": {
      "mean": 191.85363354975289,
      "std": 16.952198650265977,
      "n": 13
    }
  },
  "saccade_amplitude": {
    "ks_stat": {
      "mean": 0.3123009115319645,
      "std": 0.06565637530104611,
      "n": 13
    },
    "p_value": {
      "mean": 1.2380417308918819e-06,
      "std": 4.288354569885762e-06,
      "n": 13
    },
    "n_real": {
      "mean": 309.0,
      "std": 83.65312997040908,
      "n": 13
    },
    "n_fake": {
      "mean": 551.3076923076923,
      "std": 162.9437772859492,
      "n": 13
    },
    "real_mean_deg": {
      "mean": 5.860710113736873,
      "std": 0.4658400188206928,
      "n": 13
    },
    "fake_mean_deg": {
      "mean": 7.82271930414815,
      "std": 0.5570865825785625,
      "n": 13
    }
  },
  "main_sequence": {
    "real_r": {
      "mean": 0.6608327480469198,
      "std": 0.13685930419123749,
      "n": 13
    },
    "fake_r": {
      "mean": 0.8620600012870163,
      "std": 0.01566621694188793,
      "n": 13
    }
  },
  "intersaccadic_interval": {
    "real_mean": {
      "mean": 192.0285314888642,
      "std": 7.122677815888608,
      "n": 13
    },
    "fake_mean": {
      "mean": 255.62973131303778,
      "std": 14.87938707164014,
      "n": 13
    },
    "real_var": {
      "mean": 7878.040573079036,
      "std": 1301.7374638697268,
      "n": 13
    },
    "fake_var": {
      "mean": 37095.19374532094,
      "std": 6394.135858944296,
      "n": 13
    },
    "mean_err": {
      "mean": 63.60119982417362,
      "std": 12.90990881838196,
      "n": 13
    }
  },
  "fixation_density_map": {
    "kl_divergence": {
      "mean": 18.48434109333548,
      "std": 0.4653240224791783,
      "n": 13
    },
    "real_n_fixations": {
      "mean": 599.0,
      "std": 164.18095082982256,
      "n": 13
    },
    "fake_n_fixations": {
      "mean": 286.84615384615387,
      "std": 35.04249322409789,
      "n": 13
    }
  },
  "saccade_direction": {
    "kl_divergence": {
      "mean": 0.7527996992379358,
      "std": 0.18340902981784377,
      "n": 13
    },
    "ks_stat": {
      "mean": 0.2980769230769231,
      "std": 0.060813031926314993,
      "n": 13
    },
    "p_value": {
      "mean": 0.8570438108899648,
      "std": 0.1556662411639877,
      "n": 13
    },
    "n_real": {
      "mean": 8.0,
      "std": 0.0,
      "n": 13
    },
    "n_fake": {
      "mean": 8.0,
      "std": 0.0,
      "n": 13
    }
  },
  "classifier_auc": {
    "auc": {
      "mean": 1.0,
      "std": 0.0,
      "n": 13
    }
  }
}
