{
  "timestamp": 1781496338.2755148,
  "total_time_s": 58783.98439359665,
  "test_nll": -3.028653860092163,
  "best_val_loss": -3.8760175704956055,
  "epochs_trained": 9
}
