{
  "fixation_duration": {
    "ks_stat": {
      "mean": 0.15403411090957148,
      "std": 0.03125931165390908,
      "n": 13
    },
    "p_value": {
      "mean": 0.0006792578524323948,
      "std": 0.0013608163172803354,
      "n": 13
    },
    "n_real": {
      "mean": 599.0,
      "std": 164.18095082982256,
      "n": 13
    },
    "n_fake": {
      "mean": 444.6923076923077,
      "std": 22.689830373250125,
      "n": 13
    },
    "real_mean": {
      "mean": 192.0285314888642,
      "std": 7.122677815888608,
      "n": 13
    },
    "fake_mean": {
      "mean": 201.19351316462047,
      "std": 5.785663585171126,
      "n": 13
    },
    "real_std": {
      "mean": 88.48381091086686,
      "std": 6.975369507702894,
      "n": 13
    },
    "fake_std": {
      "mean": 129.00517569582803,
      "std": 12.160020563254612,
      "n": 13
    }
  },
  "saccade_amplitude": {
    "ks_stat": {
      "mean": 0.24502347004382824,
      "std": 0.06674358457828611,
      "n": 13
    },
    "p_value": {
      "mean": 8.645829616762574e-06,
      "std": 2.7242926592668314e-05,
      "n": 13
    },
    "n_real": {
      "mean": 309.0,
      "std": 83.65312997040908,
      "n": 13
    },
    "n_fake": {
      "mean": 818.0,
      "std": 37.62773118121997,
      "n": 13
    },
    "real_mean_deg": {
      "mean": 5.860710113736873,
      "std": 0.4658400188206928,
      "n": 13
    },
    "fake_mean_deg": {
      "mean": 8.490796121854205,
      "std": 0.5749462683889341,
      "n": 13
    }
  },
  "main_sequence": {
    "real_r": {
      "mean": 0.6608327480469198,
      "std": 0.13685930419123749,
      "n": 13
    },
    "fake_r": {
      "mean": 0.8883494349280153,
      "std": 0.013195591258626453,
      "n": 13
    }
  },
  "intersaccadic_interval": {
    "real_mean": {
      "mean": 192.0285314888642,
      "std": 7.122677815888608,
      "n": 13
    },
    "fake_mean": {
      "mean": 201.19351316462047,
      "std": 5.785663585171126,
      "n": 13
    },
    "real_var": {
      "mean": 7878.040573079036,
      "std": 1301.7374638697268,
      "n": 13
    },
    "fake_var": {
      "mean": 16790.201456410236,
      "std": 3193.09982730467,
      "n": 13
    },
    "mean_err": {
      "mean": 9.164981675756254,
      "std": 5.913263209281191,
      "n": 13
    }
  },
  "fixation_density_map": {
    "kl_divergence": {
      "mean": 18.92515411714228,
      "std": 0.33839802261250884,
      "n": 13
    },
    "real_n_fixations": {
      "mean": 599.0,
      "std": 164.18095082982256,
      "n": 13
    },
    "fake_n_fixations": {
      "mean": 444.6923076923077,
      "std": 22.689830373250125,
      "n": 13
    }
  },
  "saccade_direction": {
    "kl_divergence": {
      "mean": 0.7918383844767127,
      "std": 0.1520298560045179,
      "n": 13
    },
    "ks_stat": {
      "mean": 0.3076923076923077,
      "std": 0.07929049280033963,
      "n": 13
    },
    "p_value": {
      "mean": 0.8280078895463512,
      "std": 0.21397095744480985,
      "n": 13
    },
    "n_real": {
      "mean": 8.0,
      "std": 0.0,
      "n": 13
    },
    "n_fake": {
      "mean": 8.0,
      "std": 0.0,
      "n": 13
    }
  },
  "classifier_auc": {
    "auc": {
      "mean": 1.0,
      "std": 0.0,
      "n": 13
    }
  }
}
