{
  "fixation_duration": {
    "ks_stat": {
      "mean": 0.37395307223393515,
      "std": 0.05328557228810546,
      "n": 25
    },
    "p_value": {
      "mean": 8.033458847060881e-07,
      "std": 3.902425631891758e-06,
      "n": 25
    },
    "n_real": {
      "mean": 1035.32,
      "std": 906.0220624245305,
      "n": 25
    },
    "n_fake": {
      "mean": 517.0,
      "std": 0.0,
      "n": 25
    },
    "real_mean": {
      "mean": 206.32263136564822,
      "std": 20.944916094574683,
      "n": 25
    },
    "fake_mean": {
      "mean": 254.75791102514503,
      "std": 0.024984938726818492,
      "n": 25
    },
    "real_std": {
      "mean": 107.93988249268295,
      "std": 26.996067874754896,
      "n": 25
    },
    "fake_std": {
      "mean": 78.09884390469279,
      "std": 0.037516111218243296,
      "n": 25
    }
  },
  "saccade_amplitude": {
    "ks_stat": {
      "mean": 0.9656479197767247,
      "std": 0.0003958723885852861,
      "n": 25
    },
    "p_value": {
      "mean": 2.4377386805600393e-42,
      "std": 1.1942431787235228e-41,
      "n": 25
    },
    "n_real": {
      "mean": 538.32,
      "std": 471.36565169727845,
      "n": 25
    },
    "n_fake": {
      "mean": 496.04,
      "std": 0.19595917942265423,
      "n": 25
    },
    "real_mean_deg": {
      "mean": 5.3042708710953415,
      "std": 0.7427927167224299,
      "n": 25
    },
    "fake_mean_deg": {
      "mean": 0.34987835254776356,
      "std": 0.0017371479406461505,
      "n": 25
    }
  },
  "main_sequence": {
    "real_r": {
      "mean": 0.685652485325556,
      "std": 0.12491161144476626,
      "n": 25
    },
    "fake_r": {
      "mean": 0.6165400051866144,
      "std": 0.14609269002101022,
      "n": 25
    }
  },
  "intersaccadic_interval": {
    "real_mean": {
      "mean": 206.32263136564822,
      "std": 20.944916094574683,
      "n": 25
    },
    "fake_mean": {
      "mean": 254.75791102514503,
      "std": 0.024984938726818492,
      "n": 25
    },
    "real_var": {
      "mean": 12379.805913232574,
      "std": 6768.635889629742,
      "n": 25
    },
    "fake_var": {
      "mean": 6099.430826708169,
      "std": 5.866267771284087,
      "n": 25
    },
    "mean_err": {
      "mean": 48.47831887645573,
      "std": 20.840332136750412,
      "n": 25
    }
  },
  "fixation_density_map": {
    "kl_divergence": {
      "mean": 10.595333718042648,
      "std": 1.0206881082860382,
      "n": 25
    },
    "real_n_fixations": {
      "mean": 1035.32,
      "std": 906.0220624245305,
      "n": 25
    },
    "fake_n_fixations": {
      "mean": 517.0,
      "std": 0.0,
      "n": 25
    }
  },
  "saccade_direction": {
    "kl_divergence": {
      "mean": 0.38105984858842556,
      "std": 0.2536118207730268,
      "n": 25
    },
    "ks_stat": {
      "mean": 0.775,
      "std": 0.21213203435596426,
      "n": 25
    },
    "p_value": {
      "mean": 0.08455011655011654,
      "std": 0.10609311370577294,
      "n": 25
    },
    "n_real": {
      "mean": 8.0,
      "std": 0.0,
      "n": 25
    },
    "n_fake": {
      "mean": 8.0,
      "std": 0.0,
      "n": 25
    }
  },
  "classifier_auc": {
    "auc": {
      "mean": 1.0,
      "std": 0.0,
      "n": 5
    }
  }
}
