{
  "fixation_duration": {
    "ks_stat": 0.15480706477402512,
    "p_value": 5.298519066836352e-06,
    "n_real": 681,
    "n_fake": 432,
    "real_mean": 189.14537444933922,
    "fake_mean": 204.2476851851852,
    "real_std": 85.99986859199669,
    "fake_std": 136.36793653572678
  },
  "saccade_amplitude": {
    "ks_stat": 0.18475740982326108,
    "p_value": 5.121015945214372e-07,
    "n_real": 302,
    "n_fake": 797,
    "real_mean_deg": 6.60430667201086,
    "fake_mean_deg": 8.43736566614174
  },
  "main_sequence": {
    "real_r": 0.6957875718036527,
    "fake_r": 0.8719922471759692,
    "pass": false
  },
  "intersaccadic_interval": {
    "real_mean": 189.14537444933922,
    "fake_mean": 204.2476851851852,
    "real_var": 7395.977397840697,
    "fake_var": 18596.214115012004,
    "mean_err": 15.102310735845975
  },
  "fixation_density_map": {
    "kl_divergence": 18.73982996746283,
    "real_n_fixations": 681,
    "fake_n_fixations": 432
  },
  "saccade_direction": {
    "kl_divergence": 0.7873595479910429,
    "ks_stat": 0.25,
    "p_value": 0.98010878010878,
    "n_real": 8,
    "n_fake": 8
  },
  "classifier_auc": {
    "auc": 1.0,
    "pass": false
  },
  "n_real_seqs": 8,
  "n_fake_seqs": 8,
  "stimulus": "voicemail-neg.text.0",
  "time_s": 1983.6021127700806
}
