{
  "fixation_duration": {
    "ks_stat": 0.1775760834498333,
    "p_value": 4.520404357762519e-07,
    "n_real": 547,
    "n_fake": 425,
    "real_mean": 198.36563071297988,
    "fake_mean": 198.52235294117648,
    "real_std": 85.26338238856671,
    "fake_std": 119.49115682413301
  },
  "saccade_amplitude": {
    "ks_stat": 0.3272946859903382,
    "p_value": 3.5636343142390675e-22,
    "n_real": 315,
    "n_fake": 828,
    "real_mean_deg": 5.651590509875485,
    "fake_mean_deg": 9.14513918728438
  },
  "main_sequence": {
    "real_r": 0.6403395066031744,
    "fake_r": 0.9092641301001314,
    "pass": true
  },
  "intersaccadic_interval": {
    "real_mean": 198.36563071297988,
    "fake_mean": 198.52235294117648,
    "real_var": 7269.844376338947,
    "fake_var": 14278.13655916955,
    "mean_err": 0.15672222819659964
  },
  "fixation_density_map": {
    "kl_divergence": 19.143708293735138,
    "real_n_fixations": 547,
    "fake_n_fixations": 425
  },
  "saccade_direction": {
    "kl_divergence": 0.5533575264616704,
    "ks_stat": 0.25,
    "p_value": 0.98010878010878,
    "n_real": 8,
    "n_fake": 8
  },
  "classifier_auc": {
    "auc": 1.0,
    "pass": false
  },
  "n_real_seqs": 7,
  "n_fake_seqs": 8,
  "stimulus": "voicemail-pos.text.1",
  "time_s": 1923.4030182361603
}
